"cik_code","form_type","doc_link","com_link","filing_date"
"3794","497K","http://www.sec.gov/Archives/edgar/data/3794/000119312513119743/d503258d497k.htm","http://www.sec.govbrowse-edgar?action=getcompany&CIK=3794","2013-03-21"
"717316","485APOS","http://www.sec.gov/Archives/edgar/data/717316/000071731609000030/pea45-2009.htm","http://www.sec.govbrowse-edgar?action=getcompany&CIK=717316","2009-10-21"
"1547625","N-Q","http://www.sec.gov/Archives/edgar/data/1547625/000092242313000108/kl03045.htm","http://www.sec.govbrowse-edgar?action=getcompany&CIK=1547625","2013-03-21"
"881773","497K","http://www.sec.gov/Archives/edgar/data/881773/000088177313000022/dreyfusglobalrealesta-520132.htm","http://www.sec.govbrowse-edgar?action=getcompany&CIK=881773","2013-03-21"
"716792","497K","http://www.sec.gov/Archives/edgar/data/716792/000089843213000547/a497k.htm","http://www.sec.govbrowse-edgar?action=getcompany&CIK=716792","2013-03-21"
"716792","497K","http://www.sec.gov/Archives/edgar/data/716792/000089843213000548/a497k.htm","http://www.sec.govbrowse-edgar?action=getcompany&CIK=716792","2013-03-21"
"716792","497K","http://www.sec.gov/Archives/edgar/data/716792/000089843213000549/a497k.htm","http://www.sec.govbrowse-edgar?action=getcompany&CIK=716792","2013-03-21"
"716792","497K","http://www.sec.gov/Archives/edgar/data/716792/000089843213000550/a497k.htm","http://www.sec.govbrowse-edgar?action=getcompany&CIK=716792","2013-03-21"
"716792","497K","http://www.sec.gov/Archives/edgar/data/716792/000089843213000551/a497k.htm","http://www.sec.govbrowse-edgar?action=getcompany&CIK=716792","2013-03-21"
"716792","497K","http://www.sec.gov/Archives/edgar/data/716792/000089843213000552/a497k.htm","http://www.sec.govbrowse-edgar?action=getcompany&CIK=716792","2013-03-21"
"716792","497K","http://www.sec.gov/Archives/edgar/data/716792/000089843213000553/a497k.htm","http://www.sec.govbrowse-edgar?action=getcompany&CIK=716792","2013-03-21"
"716792","497K","http://www.sec.gov/Archives/edgar/data/716792/000089843213000554/a497k.htm","http://www.sec.govbrowse-edgar?action=getcompany&CIK=716792","2013-03-21"
"716792","497K","http://www.sec.gov/Archives/edgar/data/716792/000089843213000555/a497k.htm","http://www.sec.govbrowse-edgar?action=getcompany&CIK=716792","2013-03-21"
"716792","497K","http://www.sec.gov/Archives/edgar/data/716792/000089843213000556/a497k.htm","http://www.sec.govbrowse-edgar?action=getcompany&CIK=716792","2013-03-21"
"716792","497K","http://www.sec.gov/Archives/edgar/data/716792/000089843213000557/a497k.htm","http://www.sec.govbrowse-edgar?action=getcompany&CIK=716792","2013-03-21"
"716792","497K","http://www.sec.gov/Archives/edgar/data/716792/000089843213000558/a497k.htm","http://www.sec.govbrowse-edgar?action=getcompany&CIK=716792","2013-03-21"
"716792","497K","http://www.sec.gov/Archives/edgar/data/716792/000089843213000559/a497k.htm","http://www.sec.govbrowse-edgar?action=getcompany&CIK=716792","2013-03-21"
"716792","497K","http://www.sec.gov/Archives/edgar/data/716792/000089843213000560/a497k.htm","http://www.sec.govbrowse-edgar?action=getcompany&CIK=716792","2013-03-21"
"1364608","485APOS","http://www.sec.gov/Archives/edgar/data/1364608/000144554610000428/etf2_485a.txt","http://www.sec.govbrowse-edgar?action=getcompany&CIK=1364608","2010-01-22"
"891079","497K","http://www.sec.gov/Archives/edgar/data/891079/000119312513119693/d507394d497k.htm","http://www.sec.govbrowse-edgar?action=getcompany&CIK=891079","2013-03-21"
"357238","497K","http://www.sec.gov/Archives/edgar/data/357238/000095012313001699/b91311a1e497k.htm","http://www.sec.govbrowse-edgar?action=getcompany&CIK=357238","2013-03-21"
"357238","497K","http://www.sec.gov/Archives/edgar/data/357238/000095012313001701/b91311a2e497k.htm","http://www.sec.govbrowse-edgar?action=getcompany&CIK=357238","2013-03-21"
"45288","497K","http://www.sec.gov/Archives/edgar/data/45288/000095012313001702/b91304a1e497k.htm","http://www.sec.govbrowse-edgar?action=getcompany&CIK=45288","2013-03-21"
"45288","497K","http://www.sec.gov/Archives/edgar/data/45288/000095012313001703/b91305a1e497k.htm","http://www.sec.govbrowse-edgar?action=getcompany&CIK=45288","2013-03-21"
"45288","497K","http://www.sec.gov/Archives/edgar/data/45288/000095012313001704/b91306a1e497k.htm","http://www.sec.govbrowse-edgar?action=getcompany&CIK=45288","2013-03-21"
"45288","497K","http://www.sec.gov/Archives/edgar/data/45288/000095012313001705/b91303a1e497k.htm","http://www.sec.govbrowse-edgar?action=getcompany&CIK=45288","2013-03-21"
"1037897","497K","http://www.sec.gov/Archives/edgar/data/1037897/000119312513119408/d505623d497k.htm","http://www.sec.govbrowse-edgar?action=getcompany&CIK=1037897","2013-03-21"
"1037897","497K","http://www.sec.gov/Archives/edgar/data/1037897/000119312513119421/d505647d497k.htm","http://www.sec.govbrowse-edgar?action=getcompany&CIK=1037897","2013-03-21"
"1037897","497K","http://www.sec.gov/Archives/edgar/data/1037897/000119312513119433/d505675d497k.htm","http://www.sec.govbrowse-edgar?action=getcompany&CIK=1037897","2013-03-21"
"880366","485APOS","http://www.sec.gov/Archives/edgar/data/880366/000119312513118623/d493111d485apos.htm","http://www.sec.govbrowse-edgar?action=getcompany&CIK=880366","2013-03-21"
"880366","485APOS","http://www.sec.gov/Archives/edgar/data/880366/000119312513119299/d502661d485apos.htm","http://www.sec.govbrowse-edgar?action=getcompany&CIK=880366","2013-03-21"
"1137360","497K","http://www.sec.gov/Archives/edgar/data/1137360/000093041313001772/c72559_497k.htm","http://www.sec.govbrowse-edgar?action=getcompany&CIK=1137360","2013-03-21"
"1071336","497K","http://www.sec.gov/Archives/edgar/data/1071336/000119312513118856/d505814d497k.htm","http://www.sec.govbrowse-edgar?action=getcompany&CIK=1071336","2013-03-21"
"722885","485APOS","http://www.sec.gov/Archives/edgar/data/722885/000072288513000030/riskparityafiling3192013.htm","http://www.sec.govbrowse-edgar?action=getcompany&CIK=722885","2013-03-21"
"1283381","N-Q","http://www.sec.gov/Archives/edgar/data/1283381/000111183013000248/fp0006809_nq.htm","http://www.sec.govbrowse-edgar?action=getcompany&CIK=1283381","2013-03-21"
"1423227","497K","http://www.sec.gov/Archives/edgar/data/1423227/000095012313001751/y30329a1e497k.htm","http://www.sec.govbrowse-edgar?action=getcompany&CIK=1423227","2013-03-22"
"858372","N-Q","http://www.sec.gov/Archives/edgar/data/858372/000008805313000306/nq013113cat_gas.htm","http://www.sec.govbrowse-edgar?action=getcompany&CIK=858372","2013-03-22"
"858372","N-Q","http://www.sec.gov/Archives/edgar/data/858372/000008805313000307/nq013113cat_mm.htm","http://www.sec.govbrowse-edgar?action=getcompany&CIK=858372","2013-03-22"
"858372","N-Q","http://www.sec.gov/Archives/edgar/data/858372/000008805313000308/nq013112cat_te.htm","http://www.sec.govbrowse-edgar?action=getcompany&CIK=858372","2013-03-22"
"860489","N-Q","http://www.sec.gov/Archives/edgar/data/860489/000008805313000309/nq013113cerf.htm","http://www.sec.govbrowse-edgar?action=getcompany&CIK=860489","2013-03-22"
"1093439","N-Q","http://www.sec.gov/Archives/edgar/data/1093439/000119312513121633/d507481dnq.htm","http://www.sec.govbrowse-edgar?action=getcompany&CIK=1093439","2013-03-22"
"1359768","N-Q","http://www.sec.gov/Archives/edgar/data/1359768/000110465913023247/a13-8020_1nq.htm","http://www.sec.govbrowse-edgar?action=getcompany&CIK=1359768","2013-03-22"
"1547679","485APOS","http://www.sec.gov/Archives/edgar/data/1547679/000116204413000331/dms485apos201303.htm","http://www.sec.govbrowse-edgar?action=getcompany&CIK=1547679","2013-03-22"
"887590","N-Q","http://www.sec.gov/Archives/edgar/data/887590/000008805313000316/nq013113ghi_inc.htm","http://www.sec.govbrowse-edgar?action=getcompany&CIK=887590","2013-03-22"
"793597","N-Q","http://www.sec.gov/Archives/edgar/data/793597/000008805313000312/nq013113egb.htm","http://www.sec.govbrowse-edgar?action=getcompany&CIK=793597","2013-03-22"
"793597","N-Q","http://www.sec.gov/Archives/edgar/data/793597/000008805313000314/nq013113emfi.htm","http://www.sec.govbrowse-edgar?action=getcompany&CIK=793597","2013-03-22"
"793597","N-Q","http://www.sec.gov/Archives/edgar/data/793597/000008805313000319/nq013113gscg.htm","http://www.sec.govbrowse-edgar?action=getcompany&CIK=793597","2013-03-22"
"747677","N-Q","http://www.sec.gov/Archives/edgar/data/747677/000008805313000310/nq013113cfi.htm","http://www.sec.govbrowse-edgar?action=getcompany&CIK=747677","2013-03-22"
"747677","N-Q","http://www.sec.gov/Archives/edgar/data/747677/000008805313000315/nq013113ghi.htm","http://www.sec.govbrowse-edgar?action=getcompany&CIK=747677","2013-03-22"
"747677","N-Q","http://www.sec.gov/Archives/edgar/data/747677/000008805313000321/nq013113sgs.htm","http://www.sec.govbrowse-edgar?action=getcompany&CIK=747677","2013-03-22"
"747677","N-Q","http://www.sec.gov/Archives/edgar/data/747677/000008805313000324/nq013113uif.htm","http://www.sec.govbrowse-edgar?action=getcompany&CIK=747677","2013-03-22"
"747677","N-Q","http://www.sec.gov/Archives/edgar/data/747677/000008805313000325/nq013113usd.htm","http://www.sec.govbrowse-edgar?action=getcompany&CIK=747677","2013-03-22"
"88053","N-Q","http://www.sec.gov/Archives/edgar/data/88053/000008805313000311/nq013113die.htm","http://www.sec.govbrowse-edgar?action=getcompany&CIK=88053","2013-03-22"
"88053","N-Q","http://www.sec.gov/Archives/edgar/data/88053/000008805313000313/nq013113eme.htm","http://www.sec.govbrowse-edgar?action=getcompany&CIK=88053","2013-03-22"
"88053","N-Q","http://www.sec.gov/Archives/edgar/data/88053/000008805313000320/nq013113laef.htm","http://www.sec.govbrowse-edgar?action=getcompany&CIK=88053","2013-03-22"
"88053","N-Q","http://www.sec.gov/Archives/edgar/data/88053/000008805313000326/nq013113wdf.htm","http://www.sec.govbrowse-edgar?action=getcompany&CIK=88053","2013-03-22"
"95603","N-Q","http://www.sec.gov/Archives/edgar/data/95603/000008805313000317/nq013113gib.htm","http://www.sec.govbrowse-edgar?action=getcompany&CIK=95603","2013-03-22"
"203142","N-Q","http://www.sec.gov/Archives/edgar/data/203142/000008805313000322/nq013113stmb.htm","http://www.sec.govbrowse-edgar?action=getcompany&CIK=203142","2013-03-22"
"88048","N-Q","http://www.sec.gov/Archives/edgar/data/88048/000008805313000318/nq013113gol.htm","http://www.sec.govbrowse-edgar?action=getcompany&CIK=88048","2013-03-22"
"88048","N-Q","http://www.sec.gov/Archives/edgar/data/88048/000008805313000323/nq013113tech.htm","http://www.sec.govbrowse-edgar?action=getcompany&CIK=88048","2013-03-22"
"1365151","497K","http://www.sec.gov/Archives/edgar/data/1365151/000153442413000134/rhf13-0572.htm","http://www.sec.govbrowse-edgar?action=getcompany&CIK=1365151","2013-03-22"
"1365151","497K","http://www.sec.gov/Archives/edgar/data/1365151/000153442413000136/rhf13-0573.htm","http://www.sec.govbrowse-edgar?action=getcompany&CIK=1365151","2013-03-22"
"1365151","497K","http://www.sec.gov/Archives/edgar/data/1365151/000153442413000138/rhf13-0574.htm","http://www.sec.govbrowse-edgar?action=getcompany&CIK=1365151","2013-03-22"
"745968","N-Q","http://www.sec.gov/Archives/edgar/data/745968/000131814813000617/form.htm","http://www.sec.govbrowse-edgar?action=getcompany&CIK=745968","2013-03-22"
"879569","497K","http://www.sec.gov/Archives/edgar/data/879569/000131814813000600/form.htm","http://www.sec.govbrowse-edgar?action=getcompany&CIK=879569","2013-03-22"
"789281","497K","http://www.sec.gov/Archives/edgar/data/789281/000131814813000604/form.htm","http://www.sec.govbrowse-edgar?action=getcompany&CIK=789281","2013-03-22"
"789281","497K","http://www.sec.gov/Archives/edgar/data/789281/000131814813000606/form.htm","http://www.sec.govbrowse-edgar?action=getcompany&CIK=789281","2013-03-22"
"789281","N-Q","http://www.sec.gov/Archives/edgar/data/789281/000131814813000619/form.htm","http://www.sec.govbrowse-edgar?action=getcompany&CIK=789281","2013-03-22"
"789281","N-Q","http://www.sec.gov/Archives/edgar/data/789281/000131814813000620/form.htm","http://www.sec.govbrowse-edgar?action=getcompany&CIK=789281","2013-03-22"
"861469","N-Q","http://www.sec.gov/Archives/edgar/data/861469/000131814813000622/form.htm","http://www.sec.govbrowse-edgar?action=getcompany&CIK=861469","2013-03-22"
"925723","N-Q","http://www.sec.gov/Archives/edgar/data/925723/000131814813000621/form.htm","http://www.sec.govbrowse-edgar?action=getcompany&CIK=925723","2013-03-22"
"889388","497K","http://www.sec.gov/Archives/edgar/data/889388/000131814813000602/form.htm","http://www.sec.govbrowse-edgar?action=getcompany&CIK=889388","2013-03-22"
"357236","N-Q","http://www.sec.gov/Archives/edgar/data/357236/000131814813000615/form.htm","http://www.sec.govbrowse-edgar?action=getcompany&CIK=357236","2013-03-22"
"912763","497K","http://www.sec.gov/Archives/edgar/data/912763/000131814813000598/form.htm","http://www.sec.govbrowse-edgar?action=getcompany&CIK=912763","2013-03-22"
"1088323","497K","http://www.sec.gov/Archives/edgar/data/1088323/000116204413000324/forestertlx497k201303.htm","http://www.sec.govbrowse-edgar?action=getcompany&CIK=1088323","2013-03-22"
"1088323","497K","http://www.sec.gov/Archives/edgar/data/1088323/000116204413000325/foresteralx497k201303.htm","http://www.sec.govbrowse-edgar?action=getcompany&CIK=1088323","2013-03-22"
"1088323","497K","http://www.sec.gov/Archives/edgar/data/1088323/000116204413000327/foresterilx497k201303.htm","http://www.sec.govbrowse-edgar?action=getcompany&CIK=1088323","2013-03-22"
"1088323","497K","http://www.sec.gov/Archives/edgar/data/1088323/000116204413000328/foresterrlx497k201303.htm","http://www.sec.govbrowse-edgar?action=getcompany&CIK=1088323","2013-03-22"
"1491978","N-Q","http://www.sec.gov/Archives/edgar/data/1491978/000119312513121415/d502803dnq.htm","http://www.sec.govbrowse-edgar?action=getcompany&CIK=1491978","2013-03-22"
"835663","N-Q","http://www.sec.gov/Archives/edgar/data/835663/000095012313001736/b30214a1nvq.htm","http://www.sec.govbrowse-edgar?action=getcompany&CIK=835663","2013-03-22"
"884381","N-Q","http://www.sec.gov/Archives/edgar/data/884381/000095012313001737/b30215a1nvq.htm","http://www.sec.govbrowse-edgar?action=getcompany&CIK=884381","2013-03-22"
"822977","497K","http://www.sec.gov/Archives/edgar/data/822977/000119312513121512/d508155d497k.htm","http://www.sec.govbrowse-edgar?action=getcompany&CIK=822977","2013-03-22"
"1006415","497K","http://www.sec.gov/Archives/edgar/data/1006415/000110465913023451/a13-8224_1497k.htm","http://www.sec.govbrowse-edgar?action=getcompany&CIK=1006415","2013-03-22"
"1141306","497K","http://www.sec.gov/Archives/edgar/data/1141306/000089180413000393/hend56518emof-497k.htm","http://www.sec.govbrowse-edgar?action=getcompany&CIK=1141306","2013-03-22"
"1055744","N-Q","http://www.sec.gov/Archives/edgar/data/1055744/000119312513119813/d506944dnq.htm","http://www.sec.govbrowse-edgar?action=getcompany&CIK=1055744","2013-03-22"
"1217286","497K","http://www.sec.gov/Archives/edgar/data/1217286/000119312513122363/d508536d497k.htm","http://www.sec.govbrowse-edgar?action=getcompany&CIK=1217286","2013-03-22"
"1217286","497K","http://www.sec.gov/Archives/edgar/data/1217286/000119312513122364/d508532d497k.htm","http://www.sec.govbrowse-edgar?action=getcompany&CIK=1217286","2013-03-22"
"1331971","485APOS","http://www.sec.gov/Archives/edgar/data/1331971/000113322813000739/e338918_485apos.htm","http://www.sec.govbrowse-edgar?action=getcompany&CIK=1331971","2013-03-22"
"826735","N-Q","http://www.sec.gov/Archives/edgar/data/826735/000119312513121934/d476170dnq.htm","http://www.sec.govbrowse-edgar?action=getcompany&CIK=826735","2013-03-22"
"801961","N-Q","http://www.sec.gov/Archives/edgar/data/801961/000119312513121732/d476061dnq.htm","http://www.sec.govbrowse-edgar?action=getcompany&CIK=801961","2013-03-22"
"63075","N-Q","http://www.sec.gov/Archives/edgar/data/63075/000119312513121587/d476004dnq.htm","http://www.sec.govbrowse-edgar?action=getcompany&CIK=63075","2013-03-22"
"63075","N-Q","http://www.sec.gov/Archives/edgar/data/63075/000119312513121658/d475478dnq.htm","http://www.sec.govbrowse-edgar?action=getcompany&CIK=63075","2013-03-22"
"863032","N-Q","http://www.sec.gov/Archives/edgar/data/863032/000119312513121836/d473115dnq.htm","http://www.sec.govbrowse-edgar?action=getcompany&CIK=863032","2013-03-22"
"764719","N-Q","http://www.sec.gov/Archives/edgar/data/764719/000119312513121897/d476026dnq.htm","http://www.sec.govbrowse-edgar?action=getcompany&CIK=764719","2013-03-22"
"764719","N-Q","http://www.sec.gov/Archives/edgar/data/764719/000119312513121973/d476098dnq.htm","http://www.sec.govbrowse-edgar?action=getcompany&CIK=764719","2013-03-22"
"856128","N-Q","http://www.sec.gov/Archives/edgar/data/856128/000119312513121784/d476143dnq.htm","http://www.sec.govbrowse-edgar?action=getcompany&CIK=856128","2013-03-22"
"856517","N-Q","http://www.sec.gov/Archives/edgar/data/856517/000131814813000623/form.htm","http://www.sec.govbrowse-edgar?action=getcompany&CIK=856517","2013-03-22"
"856517","N-Q","http://www.sec.gov/Archives/edgar/data/856517/000131814813000624/form.htm","http://www.sec.govbrowse-edgar?action=getcompany&CIK=856517","2013-03-22"
"1041673","485APOS","http://www.sec.gov/Archives/edgar/data/1041673/000119312513121840/d506914d485apos.htm","http://www.sec.govbrowse-edgar?action=getcompany&CIK=1041673","2013-03-22"
"1137761","497K","http://www.sec.gov/Archives/edgar/data/1137761/000119312513122469/d508305d497k.htm","http://www.sec.govbrowse-edgar?action=getcompany&CIK=1137761","2013-03-22"
"1137761","497K","http://www.sec.gov/Archives/edgar/data/1137761/000119312513122470/d508291d497k.htm","http://www.sec.govbrowse-edgar?action=getcompany&CIK=1137761","2013-03-22"
"1137761","497K","http://www.sec.gov/Archives/edgar/data/1137761/000119312513122473/d508295d497k.htm","http://www.sec.govbrowse-edgar?action=getcompany&CIK=1137761","2013-03-22"
"1137761","497K","http://www.sec.gov/Archives/edgar/data/1137761/000119312513122475/d508299d497k.htm","http://www.sec.govbrowse-edgar?action=getcompany&CIK=1137761","2013-03-22"
"1137761","497K","http://www.sec.gov/Archives/edgar/data/1137761/000119312513122483/d508286d497k.htm","http://www.sec.govbrowse-edgar?action=getcompany&CIK=1137761","2013-03-22"
"1140411","N-Q","http://www.sec.gov/Archives/edgar/data/1140411/000119312513122200/d492505dnq.htm","http://www.sec.govbrowse-edgar?action=getcompany&CIK=1140411","2013-03-22"
"810893","497K","http://www.sec.gov/Archives/edgar/data/810893/000119312513121533/d507971d497k.htm","http://www.sec.govbrowse-edgar?action=getcompany&CIK=810893","2013-03-22"
"810893","497K","http://www.sec.gov/Archives/edgar/data/810893/000119312513121537/d507971d497k.htm","http://www.sec.govbrowse-edgar?action=getcompany&CIK=810893","2013-03-22"
"810893","497K","http://www.sec.gov/Archives/edgar/data/810893/000119312513121541/d507971d497k.htm","http://www.sec.govbrowse-edgar?action=getcompany&CIK=810893","2013-03-22"
"810893","497K","http://www.sec.gov/Archives/edgar/data/810893/000119312513121543/d507971d497k.htm","http://www.sec.govbrowse-edgar?action=getcompany&CIK=810893","2013-03-22"
"810893","497K","http://www.sec.gov/Archives/edgar/data/810893/000119312513121544/d507971d497k.htm","http://www.sec.govbrowse-edgar?action=getcompany&CIK=810893","2013-03-22"
"810893","497K","http://www.sec.gov/Archives/edgar/data/810893/000119312513121548/d507971d497k.htm","http://www.sec.govbrowse-edgar?action=getcompany&CIK=810893","2013-03-22"
"810893","497K","http://www.sec.gov/Archives/edgar/data/810893/000119312513121556/d507971d497k.htm","http://www.sec.govbrowse-edgar?action=getcompany&CIK=810893","2013-03-22"
"810893","497K","http://www.sec.gov/Archives/edgar/data/810893/000119312513121564/d507971d497k.htm","http://www.sec.govbrowse-edgar?action=getcompany&CIK=810893","2013-03-22"
"810893","497K","http://www.sec.gov/Archives/edgar/data/810893/000119312513121565/d507971d497k.htm","http://www.sec.govbrowse-edgar?action=getcompany&CIK=810893","2013-03-22"
"810893","497K","http://www.sec.gov/Archives/edgar/data/810893/000119312513121569/d507971d497k.htm","http://www.sec.govbrowse-edgar?action=getcompany&CIK=810893","2013-03-22"
"810893","497K","http://www.sec.gov/Archives/edgar/data/810893/000119312513121573/d507971d497k.htm","http://www.sec.govbrowse-edgar?action=getcompany&CIK=810893","2013-03-22"
"1140392","N-Q","http://www.sec.gov/Archives/edgar/data/1140392/000119312513122196/d492497dnq.htm","http://www.sec.govbrowse-edgar?action=getcompany&CIK=1140392","2013-03-22"
"1140410","N-Q","http://www.sec.gov/Archives/edgar/data/1140410/000119312513122189/d492513dnq.htm","http://www.sec.govbrowse-edgar?action=getcompany&CIK=1140410","2013-03-22"
"811860","497K","http://www.sec.gov/Archives/edgar/data/811860/000081186013000012/nitex497k20130322.htm","http://www.sec.govbrowse-edgar?action=getcompany&CIK=811860","2013-03-22"
"811860","497K","http://www.sec.gov/Archives/edgar/data/811860/000081186013000014/sbifx497k20130322.htm","http://www.sec.govbrowse-edgar?action=getcompany&CIK=811860","2013-03-22"
"811860","497K","http://www.sec.gov/Archives/edgar/data/811860/000081186013000016/scorx497k20130322.htm","http://www.sec.govbrowse-edgar?action=getcompany&CIK=811860","2013-03-22"
"811860","497K","http://www.sec.gov/Archives/edgar/data/811860/000081186013000018/sghix497k20130322.htm","http://www.sec.govbrowse-edgar?action=getcompany&CIK=811860","2013-03-22"
"811860","497K","http://www.sec.gov/Archives/edgar/data/811860/000081186013000020/ssgfx497k20130322.htm","http://www.sec.govbrowse-edgar?action=getcompany&CIK=811860","2013-03-22"
"811860","497K","http://www.sec.gov/Archives/edgar/data/811860/000081186013000022/ssifx497k20130322.htm","http://www.sec.govbrowse-edgar?action=getcompany&CIK=811860","2013-03-22"
"811860","497K","http://www.sec.gov/Archives/edgar/data/811860/000081186013000024/stbfx497k20130322.htm","http://www.sec.govbrowse-edgar?action=getcompany&CIK=811860","2013-03-22"
"1003239","497K","http://www.sec.gov/Archives/edgar/data/1003239/000119312513122262/d507422d497k.htm","http://www.sec.govbrowse-edgar?action=getcompany&CIK=1003239","2013-03-22"
"88525","485APOS","http://www.sec.gov/Archives/edgar/data/88525/000119312513122106/d508420d485apos.htm","http://www.sec.govbrowse-edgar?action=getcompany&CIK=88525","2013-03-22"
"88525","497K","http://www.sec.gov/Archives/edgar/data/88525/000119312513120082/d507041d497k.htm","http://www.sec.govbrowse-edgar?action=getcompany&CIK=88525","2013-03-22"
"88525","497K","http://www.sec.gov/Archives/edgar/data/88525/000119312513120084/d507049d497k.htm","http://www.sec.govbrowse-edgar?action=getcompany&CIK=88525","2013-03-22"
"88525","497K","http://www.sec.gov/Archives/edgar/data/88525/000119312513120089/d507081d497k.htm","http://www.sec.govbrowse-edgar?action=getcompany&CIK=88525","2013-03-22"
"88525","497K","http://www.sec.gov/Archives/edgar/data/88525/000119312513120091/d507073d497k.htm","http://www.sec.govbrowse-edgar?action=getcompany&CIK=88525","2013-03-22"
"88525","497K","http://www.sec.gov/Archives/edgar/data/88525/000119312513120098/d507089d497k.htm","http://www.sec.govbrowse-edgar?action=getcompany&CIK=88525","2013-03-22"
"88525","497K","http://www.sec.gov/Archives/edgar/data/88525/000119312513120116/d506957d497k.htm","http://www.sec.govbrowse-edgar?action=getcompany&CIK=88525","2013-03-22"
"88498","497K","http://www.sec.gov/Archives/edgar/data/88498/000119312513120090/d504886d497k.htm","http://www.sec.govbrowse-edgar?action=getcompany&CIK=88498","2013-03-22"
"88498","497K","http://www.sec.gov/Archives/edgar/data/88498/000119312513120104/d507197d497k.htm","http://www.sec.govbrowse-edgar?action=getcompany&CIK=88498","2013-03-22"
"88498","497K","http://www.sec.gov/Archives/edgar/data/88498/000119312513120106/d507198d497k.htm","http://www.sec.govbrowse-edgar?action=getcompany&CIK=88498","2013-03-22"
"88498","497K","http://www.sec.gov/Archives/edgar/data/88498/000119312513120107/d507200d497k.htm","http://www.sec.govbrowse-edgar?action=getcompany&CIK=88498","2013-03-22"
"88498","497K","http://www.sec.gov/Archives/edgar/data/88498/000119312513120115/d507201d497k.htm","http://www.sec.govbrowse-edgar?action=getcompany&CIK=88498","2013-03-22"
"88498","497K","http://www.sec.gov/Archives/edgar/data/88498/000119312513120120/d507202d497k.htm","http://www.sec.govbrowse-edgar?action=getcompany&CIK=88498","2013-03-22"
"88565","497K","http://www.sec.gov/Archives/edgar/data/88565/000119312513120085/d507057d497k.htm","http://www.sec.govbrowse-edgar?action=getcompany&CIK=88565","2013-03-22"
"88676","497K","http://www.sec.gov/Archives/edgar/data/88676/000119312513120087/d507065d497k.htm","http://www.sec.govbrowse-edgar?action=getcompany&CIK=88676","2013-03-22"
"719423","497K","http://www.sec.gov/Archives/edgar/data/719423/000119312513121511/d507610d497k.htm","http://www.sec.govbrowse-edgar?action=getcompany&CIK=719423","2013-03-22"
"1180852","N-Q","http://www.sec.gov/Archives/edgar/data/1180852/000089109213002557/e52302nq.htm","http://www.sec.govbrowse-edgar?action=getcompany&CIK=1180852","2013-03-22"
"1523624","N-Q","http://www.sec.gov/Archives/edgar/data/1523624/000119312513122362/d469053dnq.htm","http://www.sec.govbrowse-edgar?action=getcompany&CIK=1523624","2013-03-22"
"878719","485APOS","http://www.sec.gov/Archives/edgar/data/878719/000113542809000641/aic_485apos.txt","http://www.sec.govbrowse-edgar?action=getcompany&CIK=878719","2009-12-18"
"878719","485APOS","http://www.sec.gov/Archives/edgar/data/878719/000113542810000009/sands_485apos.txt","http://www.sec.govbrowse-edgar?action=getcompany&CIK=878719","2010-01-15"
"878719","485APOS","http://www.sec.gov/Archives/edgar/data/878719/000113542810000011/aviva_485apos.txt","http://www.sec.govbrowse-edgar?action=getcompany&CIK=878719","2010-01-20"
"878719","485APOS","http://www.sec.gov/Archives/edgar/data/878719/000113542810000061/aic_485apos.txt","http://www.sec.govbrowse-edgar?action=getcompany&CIK=878719","2010-03-01"
"878719","485APOS","http://www.sec.gov/Archives/edgar/data/878719/000113542810000245/cambiar_485bapos.txt","http://www.sec.govbrowse-edgar?action=getcompany&CIK=878719","2010-06-30"
"1311981","485APOS","http://www.sec.gov/Archives/edgar/data/1311981/000116204410000329/adiron485apos201006.htm","http://www.sec.govbrowse-edgar?action=getcompany&CIK=1311981","2010-06-01"
"844779","497K","http://www.sec.gov/Archives/edgar/data/844779/000089109213002469/e52665_497k.htm","http://www.sec.govbrowse-edgar?action=getcompany&CIK=844779","2013-03-20"
"355916","485APOS","http://www.sec.gov/Archives/edgar/data/355916/000089109212006894/e50198_485apos.htm","http://www.sec.govbrowse-edgar?action=getcompany&CIK=355916","2012-11-21"
"701039","497K","http://www.sec.gov/Archives/edgar/data/701039/000070103913000020/tcfgovac497k032013.htm","http://www.sec.govbrowse-edgar?action=getcompany&CIK=701039","2013-03-20"
"701039","497K","http://www.sec.gov/Archives/edgar/data/701039/000070103913000021/tcfgovi497k032013.htm","http://www.sec.govbrowse-edgar?action=getcompany&CIK=701039","2013-03-20"
"701039","497K","http://www.sec.gov/Archives/edgar/data/701039/000070103913000022/tcfhiyieldacy497k032013.htm","http://www.sec.govbrowse-edgar?action=getcompany&CIK=701039","2013-03-20"
"701039","497K","http://www.sec.gov/Archives/edgar/data/701039/000070103913000023/tcfhiyieldi497k032013.htm","http://www.sec.govbrowse-edgar?action=getcompany&CIK=701039","2013-03-20"
"701039","497K","http://www.sec.gov/Archives/edgar/data/701039/000070103913000024/tcfincomeabcy497k032013.htm","http://www.sec.govbrowse-edgar?action=getcompany&CIK=701039","2013-03-20"
"701039","497K","http://www.sec.gov/Archives/edgar/data/701039/000070103913000025/tcfincomei497k032013.htm","http://www.sec.govbrowse-edgar?action=getcompany&CIK=701039","2013-03-20"
"701039","497K","http://www.sec.gov/Archives/edgar/data/701039/000070103913000026/tcfincomer497k032013.htm","http://www.sec.govbrowse-edgar?action=getcompany&CIK=701039","2013-03-20"
"701039","497K","http://www.sec.gov/Archives/edgar/data/701039/000070103913000027/tcflongterma497k032013.htm","http://www.sec.govbrowse-edgar?action=getcompany&CIK=701039","2013-03-20"
"701039","497K","http://www.sec.gov/Archives/edgar/data/701039/000070103913000028/tcfsdincomeacy497k032013.htm","http://www.sec.govbrowse-edgar?action=getcompany&CIK=701039","2013-03-20"
"701039","497K","http://www.sec.gov/Archives/edgar/data/701039/000070103913000029/tcfsdincomei497k032013.htm","http://www.sec.govbrowse-edgar?action=getcompany&CIK=701039","2013-03-20"
"701039","497K","http://www.sec.gov/Archives/edgar/data/701039/000070103913000030/tcfultrashortay497k032013.htm","http://www.sec.govbrowse-edgar?action=getcompany&CIK=701039","2013-03-20"
"356682","497K","http://www.sec.gov/Archives/edgar/data/356682/000035668213000022/csifbalabc497k032013.htm","http://www.sec.govbrowse-edgar?action=getcompany&CIK=356682","2013-03-20"
"356682","497K","http://www.sec.gov/Archives/edgar/data/356682/000035668213000023/csifbali497k032013.htm","http://www.sec.govbrowse-edgar?action=getcompany&CIK=356682","2013-03-20"
"356682","497K","http://www.sec.gov/Archives/edgar/data/356682/000035668213000024/csifbondabcy497k032013.htm","http://www.sec.govbrowse-edgar?action=getcompany&CIK=356682","2013-03-20"
"356682","497K","http://www.sec.gov/Archives/edgar/data/356682/000035668213000025/csifbondi497k032013.htm","http://www.sec.govbrowse-edgar?action=getcompany&CIK=356682","2013-03-20"
"708950","497K","http://www.sec.gov/Archives/edgar/data/708950/000070895013000009/cvsbalanced497k032013.htm","http://www.sec.govbrowse-edgar?action=getcompany&CIK=708950","2013-03-20"
"708950","497K","http://www.sec.gov/Archives/edgar/data/708950/000070895013000010/cvsincome497k032013.htm","http://www.sec.govbrowse-edgar?action=getcompany&CIK=708950","2013-03-20"
"79179","485APOS","http://www.sec.gov/Archives/edgar/data/79179/000094562110000122/pea46.htm","http://www.sec.govbrowse-edgar?action=getcompany&CIK=79179","2010-06-28"
"1093439","485APOS","http://www.sec.gov/Archives/edgar/data/1093439/000089180410004473/cent49733-485a.htm","http://www.sec.govbrowse-edgar?action=getcompany&CIK=1093439","2010-09-03"
"830779","N-Q","http://www.sec.gov/Archives/edgar/data/830779/000119312513116375/d496079dnq.htm","http://www.sec.govbrowse-edgar?action=getcompany&CIK=830779","2013-03-20"
"1423047","485APOS","http://www.sec.gov/Archives/edgar/data/1423047/000139834410000372/fp0001465_485apos.htm","http://www.sec.govbrowse-edgar?action=getcompany&CIK=1423047","2010-03-03"
"74663","485APOS","http://www.sec.gov/Archives/edgar/data/74663/000094039409000998/stiipea74.htm","http://www.sec.govbrowse-edgar?action=getcompany&CIK=74663","2009-12-23"
"716792","485APOS","http://www.sec.gov/Archives/edgar/data/716792/000089843210000184/a485apos.htm","http://www.sec.govbrowse-edgar?action=getcompany&CIK=716792","2010-02-19"
"917124","485APOS","http://www.sec.gov/Archives/edgar/data/917124/000139834410000322/fp0001417_485apos.htm","http://www.sec.govbrowse-edgar?action=getcompany&CIK=917124","2010-02-26"
"1394166","N-Q","http://www.sec.gov/Archives/edgar/data/1394166/000119312513116371/d495929dnq.htm","http://www.sec.govbrowse-edgar?action=getcompany&CIK=1394166","2013-03-20"
"1415845","485APOS","http://www.sec.gov/Archives/edgar/data/1415845/000110465910064768/a10-24338_1485apos.htm","http://www.sec.govbrowse-edgar?action=getcompany&CIK=1415845","2010-12-30"
"2691","485APOS","http://www.sec.gov/Archives/edgar/data/2691/000119312509259385/d485apos.htm","http://www.sec.govbrowse-edgar?action=getcompany&CIK=2691","2009-12-23"
"918949","485APOS","http://www.sec.gov/Archives/edgar/data/918949/000119312509258898/d485apos.htm","http://www.sec.govbrowse-edgar?action=getcompany&CIK=918949","2009-12-23"
"1040612","N-Q","http://www.sec.gov/Archives/edgar/data/1040612/000031040713000105/mmfnq012013.htm","http://www.sec.govbrowse-edgar?action=getcompany&CIK=1040612","2013-03-20"
"1123460","485APOS","http://www.sec.gov/Archives/edgar/data/1123460/000091047210000067/ncfn1acoverpage2010.htm","http://www.sec.govbrowse-edgar?action=getcompany&CIK=1123460","2010-01-29"
"701265","485APOS","http://www.sec.gov/Archives/edgar/data/701265/000072888910000209/corebond.htm","http://www.sec.govbrowse-edgar?action=getcompany&CIK=701265","2010-01-28"
"312555","485APOS","http://www.sec.gov/Archives/edgar/data/312555/000072888909002053/risingdividends485a.htm","http://www.sec.govbrowse-edgar?action=getcompany&CIK=312555","2009-12-18"
"356865","485APOS","http://www.sec.gov/Archives/edgar/data/356865/000072888909002052/body.htm","http://www.sec.govbrowse-edgar?action=getcompany&CIK=356865","2009-12-18"
"1562689","497K","http://www.sec.gov/Archives/edgar/data/1562689/000072888913000432/globalrealestatefundsummary.htm","http://www.sec.govbrowse-edgar?action=getcompany&CIK=1562689","2013-03-20"
"890206","485APOS","http://www.sec.gov/Archives/edgar/data/890206/000110465910011417/a10-4430_1485apos.htm","http://www.sec.govbrowse-edgar?action=getcompany&CIK=890206","2010-03-02"
"890206","485APOS","http://www.sec.gov/Archives/edgar/data/890206/000110465910053540/a10-19873_1485apos.htm","http://www.sec.govbrowse-edgar?action=getcompany&CIK=890206","2010-10-25"
"908802","485APOS","http://www.sec.gov/Archives/edgar/data/908802/000110465913022504/a13-6895_1485apos.htm","http://www.sec.govbrowse-edgar?action=getcompany&CIK=908802","2013-03-20"
"891160","485APOS","http://www.sec.gov/Archives/edgar/data/891160/000111183010000165/fp0001277_485apos.htm","http://www.sec.govbrowse-edgar?action=getcompany&CIK=891160","2010-02-16"
"891160","485APOS","http://www.sec.gov/Archives/edgar/data/891160/000111183010000430/fp0001578_485apos.htm","http://www.sec.govbrowse-edgar?action=getcompany&CIK=891160","2010-04-28"
"92500","485APOS","http://www.sec.gov/Archives/edgar/data/92500/000094562110000124/pea90.htm","http://www.sec.govbrowse-edgar?action=getcompany&CIK=92500","2010-06-28"
"1084380","N-Q","http://www.sec.gov/Archives/edgar/data/1084380/000093041313001743/c72844_nq.htm","http://www.sec.govbrowse-edgar?action=getcompany&CIK=1084380","2013-03-20"
"916490","485APOS","http://www.sec.gov/Archives/edgar/data/916490/000139834413001506/fp0006807_485apos.htm","http://www.sec.govbrowse-edgar?action=getcompany&CIK=916490","2013-03-20"
"1545440","485APOS","http://www.sec.gov/Archives/edgar/data/1545440/000111183012000858/fp0005852_485apos.htm","http://www.sec.govbrowse-edgar?action=getcompany&CIK=1545440","2012-11-21"
"783316","485APOS","http://www.sec.gov/Archives/edgar/data/783316/000118811210000752/t67374_485apos.htm","http://www.sec.govbrowse-edgar?action=getcompany&CIK=783316","2010-03-31"
"733257","485APOS","http://www.sec.gov/Archives/edgar/data/733257/000118811210001135/t67750_485apos.htm","http://www.sec.govbrowse-edgar?action=getcompany&CIK=733257","2010-04-30"
"1066980","497K","http://www.sec.gov/Archives/edgar/data/1066980/000095012313001676/b30226a1e497k.htm","http://www.sec.govbrowse-edgar?action=getcompany&CIK=1066980","2013-03-20"
"1066980","497K","http://www.sec.gov/Archives/edgar/data/1066980/000095012313001677/b30224a1e497k.htm","http://www.sec.govbrowse-edgar?action=getcompany&CIK=1066980","2013-03-20"
"1275437","485APOS","http://www.sec.gov/Archives/edgar/data/1275437/000111183010000438/fp0001564_485apos.htm","http://www.sec.govbrowse-edgar?action=getcompany&CIK=1275437","2010-04-29"
"885980","485APOS","http://www.sec.gov/Archives/edgar/data/885980/000089853110000182/tyf-485ap.htm","http://www.sec.govbrowse-edgar?action=getcompany&CIK=885980","2010-03-01"
"1100663","497K","http://www.sec.gov/Archives/edgar/data/1100663/000119312513116733/d498373d497k.htm","http://www.sec.govbrowse-edgar?action=getcompany&CIK=1100663","2013-03-20"
"225030","485APOS","http://www.sec.gov/Archives/edgar/data/225030/000109991011000043/aflcio_485apos.htm","http://www.sec.govbrowse-edgar?action=getcompany&CIK=225030","2011-02-28"
"863903","485APOS","http://www.sec.gov/Archives/edgar/data/863903/000093041310006241/c63683_485apos.htm","http://www.sec.govbrowse-edgar?action=getcompany&CIK=863903","2010-12-23"
"887210","485APOS","http://www.sec.gov/Archives/edgar/data/887210/000093041310006234/c63682_485apos.htm","http://www.sec.govbrowse-edgar?action=getcompany&CIK=887210","2010-12-23"
"914775","485APOS","http://www.sec.gov/Archives/edgar/data/914775/000089968110000540/advantage-485apos_112310.htm","http://www.sec.govbrowse-edgar?action=getcompany&CIK=914775","2010-11-30"
"914775","485APOS","http://www.sec.gov/Archives/edgar/data/914775/000089968111000345/advantage-485apos_100411.htm","http://www.sec.govbrowse-edgar?action=getcompany&CIK=914775","2011-10-05"
"890540","485APOS","http://www.sec.gov/Archives/edgar/data/890540/000113542811000542/aicii_485apos.txt","http://www.sec.govbrowse-edgar?action=getcompany&CIK=890540","2011-09-29"
"1398078","497K","http://www.sec.gov/Archives/edgar/data/1398078/000089109213002430/e52479_497k.htm","http://www.sec.govbrowse-edgar?action=getcompany&CIK=1398078","2013-03-19"
"881773","485APOS","http://www.sec.gov/Archives/edgar/data/881773/000089968110000542/dreyfusindia-485apos_112310.htm","http://www.sec.govbrowse-edgar?action=getcompany&CIK=881773","2010-11-30"
"879535","N-Q","http://www.sec.gov/Archives/edgar/data/879535/000119312513115136/d491313dnq.htm","http://www.sec.govbrowse-edgar?action=getcompany&CIK=879535","2013-03-19"
"1515671","N-Q","http://www.sec.gov/Archives/edgar/data/1515671/000119312513114543/d499219dnq.htm","http://www.sec.govbrowse-edgar?action=getcompany&CIK=1515671","2013-03-19"
"102816","497K","http://www.sec.gov/Archives/edgar/data/102816/000094039413000510/acmsesummaryprospectus31913.htm","http://www.sec.govbrowse-edgar?action=getcompany&CIK=102816","2013-03-19"
"1554370","N-Q","http://www.sec.gov/Archives/edgar/data/1554370/000116204413000308/eudoranq.htm","http://www.sec.govbrowse-edgar?action=getcompany&CIK=1554370","2013-03-19"
"1452937","485APOS","http://www.sec.gov/Archives/edgar/data/1452937/000139834413001498/fp0006795_485apos.htm","http://www.sec.govbrowse-edgar?action=getcompany&CIK=1452937","2013-03-19"
"1472754","485APOS","http://www.sec.gov/Archives/edgar/data/1472754/000089418911000939/evermore_485a.htm","http://www.sec.govbrowse-edgar?action=getcompany&CIK=1472754","2011-03-01"
"886048","497K","http://www.sec.gov/Archives/edgar/data/886048/000089843213000517/a497k.htm","http://www.sec.govbrowse-edgar?action=getcompany&CIK=886048","2013-03-19"
"1364608","485APOS","http://www.sec.gov/Archives/edgar/data/1364608/000144554611000706/etf2_485a.txt","http://www.sec.govbrowse-edgar?action=getcompany&CIK=1364608","2011-02-15"
"1364608","485APOS","http://www.sec.gov/Archives/edgar/data/1364608/000144554611002445/etf2_485acloud.txt","http://www.sec.govbrowse-edgar?action=getcompany&CIK=1364608","2011-06-27"
"1364924","497K","http://www.sec.gov/Archives/edgar/data/1364924/000072257413000146/afc.htm","http://www.sec.govbrowse-edgar?action=getcompany&CIK=1364924","2013-03-19"
"1364924","497K","http://www.sec.gov/Archives/edgar/data/1364924/000079542213000026/main.htm","http://www.sec.govbrowse-edgar?action=getcompany&CIK=1364924","2013-03-19"
"1267890","N-Q","http://www.sec.gov/Archives/edgar/data/1267890/000089180413000384/gug56173-nq.htm","http://www.sec.govbrowse-edgar?action=getcompany&CIK=1267890","2013-03-19"
"1217286","497K","http://www.sec.gov/Archives/edgar/data/1217286/000119312513114211/d498258d497k.htm","http://www.sec.govbrowse-edgar?action=getcompany&CIK=1217286","2013-03-19"
"1217286","497K","http://www.sec.gov/Archives/edgar/data/1217286/000119312513114214/d498264d497k.htm","http://www.sec.govbrowse-edgar?action=getcompany&CIK=1217286","2013-03-19"
"917469","485APOS","http://www.sec.gov/Archives/edgar/data/917469/000119312512485101/d442129d485apos.htm","http://www.sec.govbrowse-edgar?action=getcompany&CIK=917469","2012-11-29"
"872649","485APOS","http://www.sec.gov/Archives/edgar/data/872649/000119312512485150/d442137d485apos.htm","http://www.sec.govbrowse-edgar?action=getcompany&CIK=872649","2012-11-29"
"1137360","485APOS","http://www.sec.gov/Archives/edgar/data/1137360/000093041312006194/c71647_485apos.htm","http://www.sec.govbrowse-edgar?action=getcompany&CIK=1137360","2012-11-19"
"1511699","N-Q","http://www.sec.gov/Archives/edgar/data/1511699/000089418913001675/newpath_nq.htm","http://www.sec.govbrowse-edgar?action=getcompany&CIK=1511699","2013-03-19"
"1317474","485APOS","http://www.sec.gov/Archives/edgar/data/1317474/000089843211001127/a485apos.htm","http://www.sec.govbrowse-edgar?action=getcompany&CIK=1317474","2011-10-14"
"44402","485APOS","http://www.sec.gov/Archives/edgar/data/44402/000089843211000554/a485apos.htm","http://www.sec.govbrowse-edgar?action=getcompany&CIK=44402","2011-04-15"
"723620","485APOS","http://www.sec.gov/Archives/edgar/data/723620/000089843210001680/a485apos.htm","http://www.sec.govbrowse-edgar?action=getcompany&CIK=723620","2010-12-23"
"770540","485APOS","http://www.sec.gov/Archives/edgar/data/770540/000119312512485249/d442125d485apos.htm","http://www.sec.govbrowse-edgar?action=getcompany&CIK=770540","2012-11-29"
"1103243","485APOS","http://www.sec.gov/Archives/edgar/data/1103243/000141304210000348/pftpe19.htm","http://www.sec.govbrowse-edgar?action=getcompany&CIK=1103243","2010-11-19"
"1103243","485APOS","http://www.sec.gov/Archives/edgar/data/1103243/000141304211000065/pftpe22.htm","http://www.sec.govbrowse-edgar?action=getcompany&CIK=1103243","2011-03-15"
"1160990","N-Q","http://www.sec.gov/Archives/edgar/data/1160990/000110465913022171/a13-6809_1nq.htm","http://www.sec.govbrowse-edgar?action=getcompany&CIK=1160990","2013-03-19"
"1412350","N-Q","http://www.sec.gov/Archives/edgar/data/1412350/000110465913022226/a13-6809_2nq.htm","http://www.sec.govbrowse-edgar?action=getcompany&CIK=1412350","2013-03-19"
"898745","485APOS","http://www.sec.gov/Archives/edgar/data/898745/000089874510000522/pfi1031-afiling2011.htm","http://www.sec.govbrowse-edgar?action=getcompany&CIK=898745","2010-12-30"
"1174610","485APOS","http://www.sec.gov/Archives/edgar/data/1174610/000119312513115197/d504029d485apos.htm","http://www.sec.govbrowse-edgar?action=getcompany&CIK=1174610","2013-03-19"
"722885","485APOS","http://www.sec.gov/Archives/edgar/data/722885/000072288513000027/riskparityafiling3192013.htm","http://www.sec.govbrowse-edgar?action=getcompany&CIK=722885","2013-03-19"
"924628","485APOS","http://www.sec.gov/Archives/edgar/data/924628/000091047210001081/coverpage.htm","http://www.sec.govbrowse-edgar?action=getcompany&CIK=924628","2010-10-07"
"889284","485APOS","http://www.sec.gov/Archives/edgar/data/889284/000119312512485409/d439069d485apos.htm","http://www.sec.govbrowse-edgar?action=getcompany&CIK=889284","2012-11-29"
"870156","485APOS","http://www.sec.gov/Archives/edgar/data/870156/000087015610000056/s485a.htm","http://www.sec.govbrowse-edgar?action=getcompany&CIK=870156","2010-08-27"
"787623","485APOS","http://www.sec.gov/Archives/edgar/data/787623/000093041310006339/c63697_485apos.htm","http://www.sec.govbrowse-edgar?action=getcompany&CIK=787623","2010-12-30"
"787623","485APOS","http://www.sec.gov/Archives/edgar/data/787623/000093041311001057/c63980_485apos.htm","http://www.sec.govbrowse-edgar?action=getcompany&CIK=787623","2011-02-14"
"101507","497K","http://www.sec.gov/Archives/edgar/data/101507/000110465913022045/a13-7597_2497k.htm","http://www.sec.govbrowse-edgar?action=getcompany&CIK=101507","2013-03-19"
"101507","497K","http://www.sec.gov/Archives/edgar/data/101507/000110465913022047/a13-7597_3497k.htm","http://www.sec.govbrowse-edgar?action=getcompany&CIK=101507","2013-03-19"
"101507","497K","http://www.sec.gov/Archives/edgar/data/101507/000110465913022048/a13-7597_4497k.htm","http://www.sec.govbrowse-edgar?action=getcompany&CIK=101507","2013-03-19"
"101507","497K","http://www.sec.gov/Archives/edgar/data/101507/000110465913022049/a13-7597_5497k.htm","http://www.sec.govbrowse-edgar?action=getcompany&CIK=101507","2013-03-19"
"101507","497K","http://www.sec.gov/Archives/edgar/data/101507/000110465913022050/a13-7597_6497k.htm","http://www.sec.govbrowse-edgar?action=getcompany&CIK=101507","2013-03-19"
"101507","497K","http://www.sec.gov/Archives/edgar/data/101507/000110465913022051/a13-7597_7497k.htm","http://www.sec.govbrowse-edgar?action=getcompany&CIK=101507","2013-03-19"
"101507","497K","http://www.sec.gov/Archives/edgar/data/101507/000110465913022052/a13-7597_8497k.htm","http://www.sec.govbrowse-edgar?action=getcompany&CIK=101507","2013-03-19"
"101507","497K","http://www.sec.gov/Archives/edgar/data/101507/000110465913022053/a13-7597_9497k.htm","http://www.sec.govbrowse-edgar?action=getcompany&CIK=101507","2013-03-19"
"101507","497K","http://www.sec.gov/Archives/edgar/data/101507/000110465913022054/a13-7597_10497k.htm","http://www.sec.govbrowse-edgar?action=getcompany&CIK=101507","2013-03-19"
"1557003","497K","http://www.sec.gov/Archives/edgar/data/1557003/000089418913001679/usfs-ft_497k.htm","http://www.sec.govbrowse-edgar?action=getcompany&CIK=1557003","2013-03-19"
"1557003","497K","http://www.sec.gov/Archives/edgar/data/1557003/000089418913001680/usfs-ft_497k.htm","http://www.sec.govbrowse-edgar?action=getcompany&CIK=1557003","2013-03-19"
"802716","485APOS","http://www.sec.gov/Archives/edgar/data/802716/000110465910064777/a10-21984_5485apos.htm","http://www.sec.govbrowse-edgar?action=getcompany&CIK=802716","2010-12-30"
"1350487","485APOS","http://www.sec.gov/Archives/edgar/data/1350487/000119312513115064/d503241d485apos.htm","http://www.sec.govbrowse-edgar?action=getcompany&CIK=1350487","2013-03-19"
"1350487","485APOS","http://www.sec.gov/Archives/edgar/data/1350487/000119312513115074/d504064d485apos.htm","http://www.sec.govbrowse-edgar?action=getcompany&CIK=1350487","2013-03-19"
"1027596","485APOS","http://www.sec.gov/Archives/edgar/data/1027596/000089418913001650/ast-shenkman_485a.htm","http://www.sec.govbrowse-edgar?action=getcompany&CIK=1027596","2013-03-18"
"1547625","485APOS","http://www.sec.gov/Archives/edgar/data/1547625/000092242313000094/kl03048.htm","http://www.sec.govbrowse-edgar?action=getcompany&CIK=1547625","2013-03-18"
"1547625","485APOS","http://www.sec.gov/Archives/edgar/data/1547625/000092242313000095/kl03049.htm","http://www.sec.govbrowse-edgar?action=getcompany&CIK=1547625","2013-03-18"
"1503290","N-Q","http://www.sec.gov/Archives/edgar/data/1503290/000110465913021472/a13-6376_1nq.htm","http://www.sec.govbrowse-edgar?action=getcompany&CIK=1503290","2013-03-18"
"1544657","N-Q","http://www.sec.gov/Archives/edgar/data/1544657/000110465913021473/a13-6376_2nq.htm","http://www.sec.govbrowse-edgar?action=getcompany&CIK=1544657","2013-03-18"
"745463","497K","http://www.sec.gov/Archives/edgar/data/745463/000094039413000504/iifsp.htm","http://www.sec.govbrowse-edgar?action=getcompany&CIK=745463","2013-03-18"
"1027263","497K","http://www.sec.gov/Archives/edgar/data/1027263/000119312513111759/d503511d497k.htm","http://www.sec.govbrowse-edgar?action=getcompany&CIK=1027263","2013-03-18"
"789281","485APOS","http://www.sec.gov/Archives/edgar/data/789281/000131814813000583/form.htm","http://www.sec.govbrowse-edgar?action=getcompany&CIK=789281","2013-03-18"
"1497778","497K","http://www.sec.gov/Archives/edgar/data/1497778/000144554613001503/ftsseries-pref.txt","http://www.sec.govbrowse-edgar?action=getcompany&CIK=1497778","2013-03-18"
"1497778","497K","http://www.sec.gov/Archives/edgar/data/1497778/000144554613001504/ftsseries-smcap.txt","http://www.sec.govbrowse-edgar?action=getcompany&CIK=1497778","2013-03-18"
"1521894","N-Q","http://www.sec.gov/Archives/edgar/data/1521894/000119312513112710/d481238dnq.htm","http://www.sec.govbrowse-edgar?action=getcompany&CIK=1521894","2013-03-18"
"45291","497K","http://www.sec.gov/Archives/edgar/data/45291/000095012313001631/b91309a1e497k.htm","http://www.sec.govbrowse-edgar?action=getcompany&CIK=45291","2013-03-18"
"22370","497K","http://www.sec.gov/Archives/edgar/data/22370/000095012313001630/b91308a1e497k.htm","http://www.sec.govbrowse-edgar?action=getcompany&CIK=22370","2013-03-18"
"1511699","N-Q","http://www.sec.gov/Archives/edgar/data/1511699/000089418913001647/nuance_nq.htm","http://www.sec.govbrowse-edgar?action=getcompany&CIK=1511699","2013-03-18"
"1005942","497K","http://www.sec.gov/Archives/edgar/data/1005942/000092881613000394/a_ar100sumsupp.htm","http://www.sec.govbrowse-edgar?action=getcompany&CIK=1005942","2013-03-18"
"1005942","497K","http://www.sec.gov/Archives/edgar/data/1005942/000092881613000396/a_ar300sumsupp.htm","http://www.sec.govbrowse-edgar?action=getcompany&CIK=1005942","2013-03-18"
"1005942","497K","http://www.sec.gov/Archives/edgar/data/1005942/000092881613000398/a_lvesum.htm","http://www.sec.govbrowse-edgar?action=getcompany&CIK=1005942","2013-03-18"
"1005942","497K","http://www.sec.gov/Archives/edgar/data/1005942/000092881613000400/a_svesum.htm","http://www.sec.govbrowse-edgar?action=getcompany&CIK=1005942","2013-03-18"
"722885","497K","http://www.sec.gov/Archives/edgar/data/722885/000072288513000015/em.htm","http://www.sec.govbrowse-edgar?action=getcompany&CIK=722885","2013-03-18"
"883939","497K","http://www.sec.gov/Archives/edgar/data/883939/000119312513112469/d504112d497k.htm","http://www.sec.govbrowse-edgar?action=getcompany&CIK=883939","2013-03-18"
"883939","497K","http://www.sec.gov/Archives/edgar/data/883939/000119312513112823/d504112d497k.htm","http://www.sec.govbrowse-edgar?action=getcompany&CIK=883939","2013-03-18"
"892071","N-Q","http://www.sec.gov/Archives/edgar/data/892071/000119312513111999/d496213dnq.htm","http://www.sec.govbrowse-edgar?action=getcompany&CIK=892071","2013-03-18"
"1552947","485APOS","http://www.sec.gov/Archives/edgar/data/1552947/000091047213001088/f485a.htm","http://www.sec.govbrowse-edgar?action=getcompany&CIK=1552947","2013-03-18"
"1027596","485APOS","http://www.sec.gov/Archives/edgar/data/1027596/000089418912000149/orinda_485a.htm","http://www.sec.govbrowse-edgar?action=getcompany&CIK=1027596","2012-01-13"
"1413594","497K","http://www.sec.gov/Archives/edgar/data/1413594/000110465913020948/a12-29740_5497k.htm","http://www.sec.govbrowse-edgar?action=getcompany&CIK=1413594","2013-03-15"
"1221845","497K","http://www.sec.gov/Archives/edgar/data/1221845/000089109213002318/e52605_497k.htm","http://www.sec.govbrowse-edgar?action=getcompany&CIK=1221845","2013-03-15"
"1221845","497K","http://www.sec.gov/Archives/edgar/data/1221845/000089109213002319/e52604_497k.htm","http://www.sec.govbrowse-edgar?action=getcompany&CIK=1221845","2013-03-15"
"1221845","497K","http://www.sec.gov/Archives/edgar/data/1221845/000089109213002320/e52603_497k.htm","http://www.sec.govbrowse-edgar?action=getcompany&CIK=1221845","2013-03-15"
"1221845","497K","http://www.sec.gov/Archives/edgar/data/1221845/000089109213002321/e52602_497k.htm","http://www.sec.govbrowse-edgar?action=getcompany&CIK=1221845","2013-03-15"
"844779","497K","http://www.sec.gov/Archives/edgar/data/844779/000119312513110243/d504720d497k.htm","http://www.sec.govbrowse-edgar?action=getcompany&CIK=844779","2013-03-15"
"1026144","497K","http://www.sec.gov/Archives/edgar/data/1026144/000119312513110184/d504718d497k.htm","http://www.sec.govbrowse-edgar?action=getcompany&CIK=1026144","2013-03-15"
"893818","497K","http://www.sec.gov/Archives/edgar/data/893818/000119312513110136/d504712d497k.htm","http://www.sec.govbrowse-edgar?action=getcompany&CIK=893818","2013-03-15"
"1026977","497K","http://www.sec.gov/Archives/edgar/data/1026977/000139834413001466/fp00067777_497k.htm","http://www.sec.govbrowse-edgar?action=getcompany&CIK=1026977","2013-03-15"
"1026977","497K","http://www.sec.gov/Archives/edgar/data/1026977/000139834413001468/fp0006778_497k.htm","http://www.sec.govbrowse-edgar?action=getcompany&CIK=1026977","2013-03-15"
"1026977","497K","http://www.sec.gov/Archives/edgar/data/1026977/000139834413001470/fp0006779_497k.htm","http://www.sec.govbrowse-edgar?action=getcompany&CIK=1026977","2013-03-15"
"1026977","497K","http://www.sec.gov/Archives/edgar/data/1026977/000139834413001472/fp0006780_497k.htm","http://www.sec.govbrowse-edgar?action=getcompany&CIK=1026977","2013-03-15"
"1078195","485APOS","http://www.sec.gov/Archives/edgar/data/1078195/000139834413001456/fp0006774_485apos.htm","http://www.sec.govbrowse-edgar?action=getcompany&CIK=1078195","2013-03-15"
"828475","497K","http://www.sec.gov/Archives/edgar/data/828475/000082847513000004/dreyfusnjmunibondfund-520131.htm","http://www.sec.govbrowse-edgar?action=getcompany&CIK=828475","2013-03-15"
"1450501","485APOS","http://www.sec.gov/Archives/edgar/data/1450501/000145079113000057/pean032.htm","http://www.sec.govbrowse-edgar?action=getcompany&CIK=1450501","2013-03-15"
"1377031","497K","http://www.sec.gov/Archives/edgar/data/1377031/000116204413000293/ffvfundac497k.htm","http://www.sec.govbrowse-edgar?action=getcompany&CIK=1377031","2013-03-15"
"1377031","497K","http://www.sec.gov/Archives/edgar/data/1377031/000116204413000294/ffvfundn497k.htm","http://www.sec.govbrowse-edgar?action=getcompany&CIK=1377031","2013-03-15"
"1377031","497K","http://www.sec.gov/Archives/edgar/data/1377031/000116204413000295/strategicincac497k.htm","http://www.sec.govbrowse-edgar?action=getcompany&CIK=1377031","2013-03-15"
"1377031","497K","http://www.sec.gov/Archives/edgar/data/1377031/000116204413000296/strategicincn497k.htm","http://www.sec.govbrowse-edgar?action=getcompany&CIK=1377031","2013-03-15"
"1377031","497K","http://www.sec.gov/Archives/edgar/data/1377031/000116204413000297/danalargecapac497k.htm","http://www.sec.govbrowse-edgar?action=getcompany&CIK=1377031","2013-03-15"
"1377031","497K","http://www.sec.gov/Archives/edgar/data/1377031/000116204413000298/danalargecapn497k.htm","http://www.sec.govbrowse-edgar?action=getcompany&CIK=1377031","2013-03-15"
"1377031","497K","http://www.sec.gov/Archives/edgar/data/1377031/000116204413000299/latinamerica497k.htm","http://www.sec.govbrowse-edgar?action=getcompany&CIK=1377031","2013-03-15"
"1377031","497K","http://www.sec.gov/Archives/edgar/data/1377031/000116204413000300/globalecologic497k.htm","http://www.sec.govbrowse-edgar?action=getcompany&CIK=1377031","2013-03-15"
"1552324","497K","http://www.sec.gov/Archives/edgar/data/1552324/000094039413000491/iemldfsp.htm","http://www.sec.govbrowse-edgar?action=getcompany&CIK=1552324","2013-03-15"
"320351","497K","http://www.sec.gov/Archives/edgar/data/320351/000031570013000017/wire.htm","http://www.sec.govbrowse-edgar?action=getcompany&CIK=320351","2013-03-15"
"822977","485APOS","http://www.sec.gov/Archives/edgar/data/822977/000119312513110024/d499820d485apos.htm","http://www.sec.govbrowse-edgar?action=getcompany&CIK=822977","2013-03-15"
"798290","485APOS","http://www.sec.gov/Archives/edgar/data/798290/000093041312000352/c68236_485apos.htm","http://www.sec.govbrowse-edgar?action=getcompany&CIK=798290","2012-01-27"
"1066602","497K","http://www.sec.gov/Archives/edgar/data/1066602/000110465913021005/a13-7601_2497k.htm","http://www.sec.govbrowse-edgar?action=getcompany&CIK=1066602","2013-03-15"
"277751","497K","http://www.sec.gov/Archives/edgar/data/277751/000095012313001612/d30103e497k.htm","http://www.sec.govbrowse-edgar?action=getcompany&CIK=277751","2013-03-15"
"277751","497K","http://www.sec.gov/Archives/edgar/data/277751/000095012313001613/d30104k1e497k.htm","http://www.sec.govbrowse-edgar?action=getcompany&CIK=277751","2013-03-15"
"277751","497K","http://www.sec.gov/Archives/edgar/data/277751/000095012313001615/d30104k2e497k.htm","http://www.sec.govbrowse-edgar?action=getcompany&CIK=277751","2013-03-15"
"277751","497K","http://www.sec.gov/Archives/edgar/data/277751/000095012313001617/d30105k1e497k.htm","http://www.sec.govbrowse-edgar?action=getcompany&CIK=277751","2013-03-15"
"277751","497K","http://www.sec.gov/Archives/edgar/data/277751/000095012313001621/d30105k2e497k.htm","http://www.sec.govbrowse-edgar?action=getcompany&CIK=277751","2013-03-15"
"277751","497K","http://www.sec.gov/Archives/edgar/data/277751/000095012313001623/d30105k3e497k.htm","http://www.sec.govbrowse-edgar?action=getcompany&CIK=277751","2013-03-15"
"277751","497K","http://www.sec.gov/Archives/edgar/data/277751/000095012313001624/d30105k4e497k.htm","http://www.sec.govbrowse-edgar?action=getcompany&CIK=277751","2013-03-15"
"277751","497K","http://www.sec.gov/Archives/edgar/data/277751/000095012313001625/d30105k5e497k.htm","http://www.sec.govbrowse-edgar?action=getcompany&CIK=277751","2013-03-15"
"1137360","497K","http://www.sec.gov/Archives/edgar/data/1137360/000093041313001689/c73073_497k.htm","http://www.sec.govbrowse-edgar?action=getcompany&CIK=1137360","2013-03-15"
"1137360","497K","http://www.sec.gov/Archives/edgar/data/1137360/000093041313001690/c73074_497k.htm","http://www.sec.govbrowse-edgar?action=getcompany&CIK=1137360","2013-03-15"
"314366","485APOS","http://www.sec.gov/Archives/edgar/data/314366/000110465913021286/a13-2292_1485apos.htm","http://www.sec.govbrowse-edgar?action=getcompany&CIK=314366","2013-03-15"
"882381","485APOS","http://www.sec.gov/Archives/edgar/data/882381/000110465913021288/a13-2282_1485apos.htm","http://www.sec.govbrowse-edgar?action=getcompany&CIK=882381","2013-03-15"
"836487","485APOS","http://www.sec.gov/Archives/edgar/data/836487/000110465913021282/a13-2222_1485apos.htm","http://www.sec.govbrowse-edgar?action=getcompany&CIK=836487","2013-03-15"
"876162","485APOS","http://www.sec.gov/Archives/edgar/data/876162/000110465913021289/a13-6072_1485apos.htm","http://www.sec.govbrowse-edgar?action=getcompany&CIK=876162","2013-03-15"
"1002427","485APOS","http://www.sec.gov/Archives/edgar/data/1002427/000110465913021287/a13-2295_1485apos.htm","http://www.sec.govbrowse-edgar?action=getcompany&CIK=1002427","2013-03-15"
"353905","497K","http://www.sec.gov/Archives/edgar/data/353905/000149668813000050/nvitamc497k.htm","http://www.sec.govbrowse-edgar?action=getcompany&CIK=353905","2013-03-15"
"353905","497K","http://www.sec.gov/Archives/edgar/data/353905/000149668813000054/nvitmm497k.htm","http://www.sec.govbrowse-edgar?action=getcompany&CIK=353905","2013-03-15"
"353905","497K","http://www.sec.gov/Archives/edgar/data/353905/000149668813000058/nvitre497k.htm","http://www.sec.govbrowse-edgar?action=getcompany&CIK=353905","2013-03-15"
"44402","497K","http://www.sec.gov/Archives/edgar/data/44402/000089843213000485/a497k-2.htm","http://www.sec.govbrowse-edgar?action=getcompany&CIK=44402","2013-03-15"
"44402","497K","http://www.sec.gov/Archives/edgar/data/44402/000089843213000486/a497k-1.htm","http://www.sec.govbrowse-edgar?action=getcompany&CIK=44402","2013-03-15"
"44402","497K","http://www.sec.gov/Archives/edgar/data/44402/000089843213000487/a497k.htm","http://www.sec.govbrowse-edgar?action=getcompany&CIK=44402","2013-03-15"
"44402","497K","http://www.sec.gov/Archives/edgar/data/44402/000089843213000488/a497k-5.htm","http://www.sec.govbrowse-edgar?action=getcompany&CIK=44402","2013-03-15"
"44402","497K","http://www.sec.gov/Archives/edgar/data/44402/000089843213000489/a497k-3.htm","http://www.sec.govbrowse-edgar?action=getcompany&CIK=44402","2013-03-15"
"723620","497K","http://www.sec.gov/Archives/edgar/data/723620/000089843213000490/a497k-1.htm","http://www.sec.govbrowse-edgar?action=getcompany&CIK=723620","2013-03-15"
"723620","497K","http://www.sec.gov/Archives/edgar/data/723620/000089843213000491/a497k.htm","http://www.sec.govbrowse-edgar?action=getcompany&CIK=723620","2013-03-15"
"1013881","485APOS","http://www.sec.gov/Archives/edgar/data/1013881/000119312513109249/d502729d485apos.htm","http://www.sec.govbrowse-edgar?action=getcompany&CIK=1013881","2013-03-15"
"813900","497K","http://www.sec.gov/Archives/edgar/data/813900/000119312513109948/d502653d497k.htm","http://www.sec.govbrowse-edgar?action=getcompany&CIK=813900","2013-03-15"
"810893","485APOS","http://www.sec.gov/Archives/edgar/data/810893/000119312513109304/d502544d485apos.htm","http://www.sec.govbrowse-edgar?action=getcompany&CIK=810893","2013-03-15"
"810893","497K","http://www.sec.gov/Archives/edgar/data/810893/000119312513109103/d502689d497k.htm","http://www.sec.govbrowse-edgar?action=getcompany&CIK=810893","2013-03-15"
"898745","497K","http://www.sec.gov/Archives/edgar/data/898745/000089874513000350/globalopp-instl.htm","http://www.sec.govbrowse-edgar?action=getcompany&CIK=898745","2013-03-15"
"898745","497K","http://www.sec.gov/Archives/edgar/data/898745/000089874513000352/gms-acp.htm","http://www.sec.govbrowse-edgar?action=getcompany&CIK=898745","2013-03-15"
"898745","497K","http://www.sec.gov/Archives/edgar/data/898745/000089874513000354/gms-instl.htm","http://www.sec.govbrowse-edgar?action=getcompany&CIK=898745","2013-03-15"
"12601","497K","http://www.sec.gov/Archives/edgar/data/12601/000089874513000329/lt2010summary.htm","http://www.sec.govbrowse-edgar?action=getcompany&CIK=12601","2013-03-15"
"12601","497K","http://www.sec.gov/Archives/edgar/data/12601/000089874513000331/lt2020summary.htm","http://www.sec.govbrowse-edgar?action=getcompany&CIK=12601","2013-03-15"
"12601","497K","http://www.sec.gov/Archives/edgar/data/12601/000089874513000333/lt2030summary.htm","http://www.sec.govbrowse-edgar?action=getcompany&CIK=12601","2013-03-15"
"12601","497K","http://www.sec.gov/Archives/edgar/data/12601/000089874513000335/lt2040summary.htm","http://www.sec.govbrowse-edgar?action=getcompany&CIK=12601","2013-03-15"
"12601","497K","http://www.sec.gov/Archives/edgar/data/12601/000089874513000337/lt2050summary.htm","http://www.sec.govbrowse-edgar?action=getcompany&CIK=12601","2013-03-15"
"12601","497K","http://www.sec.gov/Archives/edgar/data/12601/000089874513000339/ltstratincsummary.htm","http://www.sec.govbrowse-edgar?action=getcompany&CIK=12601","2013-03-15"
"1005942","497K","http://www.sec.gov/Archives/edgar/data/1005942/000092881613000386/a_emisum.htm","http://www.sec.govbrowse-edgar?action=getcompany&CIK=1005942","2013-03-15"
"1005942","497K","http://www.sec.gov/Archives/edgar/data/1005942/000092881613000388/a_itmisum.htm","http://www.sec.govbrowse-edgar?action=getcompany&CIK=1005942","2013-03-15"
"1005942","497K","http://www.sec.gov/Archives/edgar/data/1005942/000092881613000390/a_stmisum.htm","http://www.sec.govbrowse-edgar?action=getcompany&CIK=1005942","2013-03-15"
"1005942","497K","http://www.sec.gov/Archives/edgar/data/1005942/000092881613000392/a_gdfsum.htm","http://www.sec.govbrowse-edgar?action=getcompany&CIK=1005942","2013-03-15"
"1378872","485APOS","http://www.sec.gov/Archives/edgar/data/1378872/000110465913021190/a13-7048_1485apos.htm","http://www.sec.govbrowse-edgar?action=getcompany&CIK=1378872","2013-03-15"
"1020861","485APOS","http://www.sec.gov/Archives/edgar/data/1020861/000119312513110305/d496275d485apos.htm","http://www.sec.govbrowse-edgar?action=getcompany&CIK=1020861","2013-03-15"
"1464413","485APOS","http://www.sec.gov/Archives/edgar/data/1464413/000146441313000052/n1a0313.htm","http://www.sec.govbrowse-edgar?action=getcompany&CIK=1464413","2013-03-15"
"949881","485APOS","http://www.sec.gov/Archives/edgar/data/949881/000114420413015476/v338266_485apos.htm","http://www.sec.govbrowse-edgar?action=getcompany&CIK=949881","2013-03-15"
"1552947","485APOS","http://www.sec.gov/Archives/edgar/data/1552947/000091047213001070/f485a.htm","http://www.sec.govbrowse-edgar?action=getcompany&CIK=1552947","2013-03-15"
